RunTime,ExecutableName
2024-04-21 15:07:42,\VOLUME{01da93e5ddb71a7f-34ddca5d}\WINDOWS\SOFTWAREDISTRIBUTION\DOWNLOAD\INSTALL\AM_BASE.EXE
2024-04-21 15:07:53,\VOLUME{01da93e5ddb71a7f-34ddca5d}\WINDOWS\SOFTWAREDISTRIBUTION\DOWNLOAD\INSTALL\AM_DELTA.EXE
2024-04-21 15:07:35,\VOLUME{01da93e5ddb71a7f-34ddca5d}\WINDOWS\SOFTWAREDISTRIBUTION\DOWNLOAD\INSTALL\AM_ENGINE.EXE
2024-04-21 14:52:48,\VOLUME{01da93e5ddb71a7f-34ddca5d}\WINDOWS\SYSTEM32\APPLICATIONFRAMEHOST.EXE
2024-04-21 12:59:51,\VOLUME{01da93e5ddb71a7f-34ddca5d}\WINDOWS\SYSTEM32\APPLICATIONFRAMEHOST.EXE
2024-04-21 15:20:38,\VOLUME{01da93e5ddb71a7f-34ddca5d}\WINDOWS\SYSTEM32\AUDIODG.EXE
2024-04-21 15:14:54,\VOLUME{01da93e5ddb71a7f-34ddca5d}\WINDOWS\SYSTEM32\AUDIODG.EXE
2024-04-21 14:29:22,\VOLUME{01da93e5ddb71a7f-34ddca5d}\WINDOWS\SYSTEM32\AUDIODG.EXE
2024-04-21 13:19:25,\VOLUME{01da93e5ddb71a7f-34ddca5d}\WINDOWS\SYSTEM32\AUDIODG.EXE
2024-04-21 12:54:31,\VOLUME{01da93e5ddb71a7f-34ddca5d}\WINDOWS\SYSTEM32\AUDIODG.EXE
2024-04-21 12:44:51,\VOLUME{01da93e5ddb71a7f-34ddca5d}\WINDOWS\SYSTEM32\AUDIODG.EXE
2024-04-21 12:35:59,\VOLUME{01da93e5ddb71a7f-34ddca5d}\WINDOWS\SYSTEM32\AUDIODG.EXE
2024-04-21 12:45:15,\VOLUME{01da93e5ddb71a7f-34ddca5d}\WINDOWS\SYSTEM32\BACKGROUNDTASKHOST.EXE
2024-04-21 15:07:13,\VOLUME{01da93e5ddb71a7f-34ddca5d}\WINDOWS\SYSTEM32\BACKGROUNDTASKHOST.EXE
2024-04-21 12:44:18,\VOLUME{01da93e5ddb71a7f-34ddca5d}\WINDOWS\SYSTEM32\BACKGROUNDTASKHOST.EXE
2024-04-21 12:44:26,\VOLUME{01da93e5ddb71a7f-34ddca5d}\WINDOWS\SYSTEM32\BACKGROUNDTASKHOST.EXE
2024-04-21 12:45:53,\VOLUME{01da93e5ddb71a7f-34ddca5d}\WINDOWS\SYSTEM32\BACKGROUNDTASKHOST.EXE
2024-04-21 12:41:55,\VOLUME{01da93e5ddb71a7f-34ddca5d}\WINDOWS\SYSTEM32\BACKGROUNDTASKHOST.EXE
2024-04-21 12:40:34,\VOLUME{01da93e5ddb71a7f-34ddca5d}\WINDOWS\SYSTEM32\BACKGROUNDTASKHOST.EXE
2024-04-21 12:35:12,\VOLUME{01da93e5ddb71a7f-34ddca5d}\WINDOWS\SYSTEM32\BACKGROUNDTASKHOST.EXE
2024-04-21 15:13:29,\VOLUME{01da93e5ddb71a7f-34ddca5d}\WINDOWS\SYSTEM32\BACKGROUNDTASKHOST.EXE
2024-04-21 15:22:09,\VOLUME{01da93e5ddb71a7f-34ddca5d}\WINDOWS\SYSTEM32\BACKGROUNDTASKHOST.EXE
2024-04-21 15:19:41,\VOLUME{01da93e5ddb71a7f-34ddca5d}\WINDOWS\SYSTEM32\BACKGROUNDTASKHOST.EXE
2024-04-21 14:34:49,\VOLUME{01da93e5ddb71a7f-34ddca5d}\WINDOWS\SYSTEM32\BACKGROUNDTASKHOST.EXE
2024-04-21 14:25:41,\VOLUME{01da93e5ddb71a7f-34ddca5d}\WINDOWS\SYSTEM32\BACKGROUNDTASKHOST.EXE
2024-04-21 14:25:18,\VOLUME{01da93e5ddb71a7f-34ddca5d}\WINDOWS\SYSTEM32\BACKGROUNDTASKHOST.EXE
2024-04-21 14:18:18,\VOLUME{01da93e5ddb71a7f-34ddca5d}\WINDOWS\SYSTEM32\BACKGROUNDTASKHOST.EXE
2024-04-21 14:18:07,\VOLUME{01da93e5ddb71a7f-34ddca5d}\WINDOWS\SYSTEM32\BACKGROUNDTASKHOST.EXE
2024-04-21 13:44:32,\VOLUME{01da93e5ddb71a7f-34ddca5d}\WINDOWS\SYSTEM32\BACKGROUNDTASKHOST.EXE
2024-04-21 13:10:14,\VOLUME{01da93e5ddb71a7f-34ddca5d}\WINDOWS\SYSTEM32\BACKGROUNDTRANSFERHOST.EXE
2024-04-21 12:59:46,\VOLUME{01da93e5ddb71a7f-34ddca5d}\WINDOWS\SYSTEM32\BYTECODEGENERATOR.EXE
2024-04-21 12:59:28,\VOLUME{01da93e5ddb71a7f-34ddca5d}\WINDOWS\SYSTEM32\BYTECODEGENERATOR.EXE
2024-04-21 12:35:39,\VOLUME{01da93e5ddb71a7f-34ddca5d}\WINDOWS\SYSTEM32\CLOUDEXPERIENCEHOSTBROKER.EXE
2024-04-21 15:40:47,\VOLUME{01da93e5ddb71a7f-34ddca5d}\WINDOWS\SYSTEM32\CMD.EXE
2024-04-21 14:51:10,\VOLUME{01da93e5ddb71a7f-34ddca5d}\WINDOWS\SYSTEM32\CMD.EXE
2024-04-21 14:34:45,\VOLUME{01da93e5ddb71a7f-34ddca5d}\WINDOWS\SYSTEM32\CMD.EXE
2024-04-21 14:31:55,\VOLUME{01da93e5ddb71a7f-34ddca5d}\WINDOWS\SYSTEM32\CMD.EXE
2024-04-21 14:31:22,\VOLUME{01da93e5ddb71a7f-34ddca5d}\WINDOWS\SYSTEM32\CMD.EXE
2024-04-21 14:31:21,\VOLUME{01da93e5ddb71a7f-34ddca5d}\PROGRAM FILES\COMMON FILES\VMWARE\DRIVERS\VSS\COMREG.EXE
2024-04-21 15:40:47,\VOLUME{01da93e5ddb71a7f-34ddca5d}\WINDOWS\SYSTEM32\CONHOST.EXE
2024-04-21 14:51:12,\VOLUME{01da93e5ddb71a7f-34ddca5d}\WINDOWS\SYSTEM32\CONHOST.EXE
2024-04-21 14:43:30,\VOLUME{01da93e5ddb71a7f-34ddca5d}\WINDOWS\SYSTEM32\CONHOST.EXE
2024-04-21 14:31:55,\VOLUME{01da93e5ddb71a7f-34ddca5d}\WINDOWS\SYSTEM32\CONHOST.EXE
2024-04-21 14:31:22,\VOLUME{01da93e5ddb71a7f-34ddca5d}\WINDOWS\SYSTEM32\CONHOST.EXE
2024-04-21 12:50:17,\VOLUME{01da93e5ddb71a7f-34ddca5d}\WINDOWS\SYSTEM32\CONHOST.EXE
2024-04-21 15:20:09,\VOLUME{01da93e5ddb71a7f-34ddca5d}\WINDOWS\SYSTEM32\CONSENT.EXE
2024-04-21 14:29:24,\VOLUME{01da93e5ddb71a7f-34ddca5d}\WINDOWS\SYSTEM32\CONSENT.EXE
2024-04-21 14:29:27,\VOLUME{01da93e5ddb71a7f-34ddca5d}\WINDOWS\SYSTEM32\CONSENT.EXE
2024-04-21 13:00:08,\VOLUME{01da93e5ddb71a7f-34ddca5d}\WINDOWS\SYSTEM32\CONSENT.EXE
2024-04-21 12:41:31,\VOLUME{01da93e5ddb71a7f-34ddca5d}\WINDOWS\SYSTEM32\CONSENT.EXE
2024-04-21 12:41:31,\VOLUME{01da93e5ddb71a7f-34ddca5d}\WINDOWS\SYSTEM32\CONSENT.EXE
2024-04-21 14:52:52,\VOLUME{01da93e5ddb71a7f-34ddca5d}\WINDOWS\SYSTEM32\COREDPUSSVR.EXE
2024-04-21 12:40:39,\VOLUME{01da93e5ddb71a7f-34ddca5d}\WINDOWS\SYSTEM32\CSRSS.EXE
2024-04-21 14:43:30,\VOLUME{01da93e5ddb71a7f-34ddca5d}\WINDOWS\SYSTEM32\DEFRAG.EXE
2024-04-21 12:50:17,\VOLUME{01da93e5ddb71a7f-34ddca5d}\WINDOWS\SYSTEM32\DEFRAG.EXE
2024-04-21 14:52:44,\VOLUME{01da93e5ddb71a7f-34ddca5d}\WINDOWS\SYSTEM32\DLLHOST.EXE
2024-04-21 12:59:56,\VOLUME{01da93e5ddb71a7f-34ddca5d}\WINDOWS\SYSTEM32\DLLHOST.EXE
2024-04-21 12:35:51,\VOLUME{01da93e5ddb71a7f-34ddca5d}\WINDOWS\SYSTEM32\DLLHOST.EXE
2024-04-21 14:59:02,\VOLUME{01da93e5ddb71a7f-34ddca5d}\WINDOWS\SYSTEM32\DLLHOST.EXE
2024-04-21 13:36:48,\VOLUME{01da93e5ddb71a7f-34ddca5d}\WINDOWS\SYSTEM32\DLLHOST.EXE
2024-04-21 12:41:55,\VOLUME{01da93e5ddb71a7f-34ddca5d}\WINDOWS\SYSTEM32\DLLHOST.EXE
2024-04-21 12:38:21,\VOLUME{01da93e5ddb71a7f-34ddca5d}\WINDOWS\SYSTEM32\DLLHOST.EXE
2024-04-21 15:33:37,\VOLUME{01da93e5ddb71a7f-34ddca5d}\WINDOWS\SYSTEM32\DLLHOST.EXE
2024-04-21 15:24:02,\VOLUME{01da93e5ddb71a7f-34ddca5d}\WINDOWS\SYSTEM32\DLLHOST.EXE
2024-04-21 15:19:53,\VOLUME{01da93e5ddb71a7f-34ddca5d}\WINDOWS\SYSTEM32\DLLHOST.EXE
2024-04-21 15:09:21,\VOLUME{01da93e5ddb71a7f-34ddca5d}\WINDOWS\SYSTEM32\DLLHOST.EXE
2024-04-21 15:06:47,\VOLUME{01da93e5ddb71a7f-34ddca5d}\WINDOWS\SYSTEM32\DLLHOST.EXE
2024-04-21 14:53:01,\VOLUME{01da93e5ddb71a7f-34ddca5d}\WINDOWS\SYSTEM32\DLLHOST.EXE
2024-04-21 14:50:39,\VOLUME{01da93e5ddb71a7f-34ddca5d}\WINDOWS\SYSTEM32\DLLHOST.EXE
2024-04-21 14:33:50,\VOLUME{01da93e5ddb71a7f-34ddca5d}\WINDOWS\SYSTEM32\DLLHOST.EXE
2024-04-21 12:41:10,\VOLUME{01da93e5ddb71a7f-34ddca5d}\WINDOWS\SYSTEM32\DLLHOST.EXE
2024-04-21 12:35:41,\VOLUME{01da93e5ddb71a7f-34ddca5d}\WINDOWS\SYSTEM32\DLLHOST.EXE
2024-04-21 13:00:23,\VOLUME{01da93e5ddb71a7f-34ddca5d}\WINDOWS\SYSTEM32\DLLHOST.EXE
2024-04-21 13:00:09,\VOLUME{01da93e5ddb71a7f-34ddca5d}\WINDOWS\SYSTEM32\DLLHOST.EXE
2024-04-21 12:39:45,\VOLUME{01da93e5ddb71a7f-34ddca5d}\WINDOWS\SYSTEM32\DLLHOST.EXE
2024-04-21 14:31:22,\VOLUME{01da93e5ddb71a7f-34ddca5d}\WINDOWS\SYSTEM32\DLLHOST.EXE
2024-04-21 12:38:39,\VOLUME{01da93e5ddb71a7f-34ddca5d}\WINDOWS\SYSTEM32\DLLHOST.EXE
2024-04-21 12:35:20,\VOLUME{01da93e5ddb71a7f-34ddca5d}\WINDOWS\SYSTEM32\DLLHOST.EXE
2024-04-21 14:29:53,\VOLUME{01da93e5ddb71a7f-34ddca5d}\WINDOWS\SYSTEM32\DLLHOST.EXE
2024-04-21 14:29:43,\VOLUME{01da93e5ddb71a7f-34ddca5d}\WINDOWS\SYSTEM32\DLLHOST.EXE
2024-04-21 13:00:09,\VOLUME{01da93e5ddb71a7f-34ddca5d}\WINDOWS\SYSTEM32\DLLHOST.EXE
2024-04-21 12:41:32,\VOLUME{01da93e5ddb71a7f-34ddca5d}\WINDOWS\SYSTEM32\DLLHOST.EXE
2024-04-21 12:41:26,\VOLUME{01da93e5ddb71a7f-34ddca5d}\WINDOWS\SYSTEM32\DLLHOST.EXE
2024-04-21 12:37:45,\VOLUME{01da93e5ddb71a7f-34ddca5d}\WINDOWS\SYSTEM32\DLLHOST.EXE
2024-04-21 12:35:39,\VOLUME{01da93e5ddb71a7f-34ddca5d}\WINDOWS\SYSTEM32\DLLHOST.EXE
2024-04-21 15:22:15,\VOLUME{01da93e5ddb71a7f-34ddca5d}\WINDOWS\SYSTEM32\DLLHOST.EXE
2024-04-21 15:21:37,\VOLUME{01da93e5ddb71a7f-34ddca5d}\WINDOWS\SYSTEM32\DLLHOST.EXE
2024-04-21 15:21:08,\VOLUME{01da93e5ddb71a7f-34ddca5d}\WINDOWS\SYSTEM32\DLLHOST.EXE
2024-04-21 15:20:39,\VOLUME{01da93e5ddb71a7f-34ddca5d}\WINDOWS\SYSTEM32\DLLHOST.EXE
2024-04-21 15:14:45,\VOLUME{01da93e5ddb71a7f-34ddca5d}\WINDOWS\SYSTEM32\DLLHOST.EXE
2024-04-21 15:14:36,\VOLUME{01da93e5ddb71a7f-34ddca5d}\WINDOWS\SYSTEM32\DLLHOST.EXE
2024-04-21 14:52:43,\VOLUME{01da93e5ddb71a7f-34ddca5d}\WINDOWS\SYSTEM32\DLLHOST.EXE
2024-04-21 14:25:38,\VOLUME{01da93e5ddb71a7f-34ddca5d}\WINDOWS\SYSTEM32\DLLHOST.EXE
2024-04-21 14:30:55,\VOLUME{01da93e5ddb71a7f-34ddca5d}\WINDOWS\SYSTEM32\DRVINST.EXE
2024-04-21 14:30:52,\VOLUME{01da93e5ddb71a7f-34ddca5d}\WINDOWS\SYSTEM32\DRVINST.EXE
2024-04-21 14:30:50,\VOLUME{01da93e5ddb71a7f-34ddca5d}\WINDOWS\SYSTEM32\DRVINST.EXE
2024-04-21 14:30:48,\VOLUME{01da93e5ddb71a7f-34ddca5d}\WINDOWS\SYSTEM32\DRVINST.EXE
2024-04-21 14:30:46,\VOLUME{01da93e5ddb71a7f-34ddca5d}\WINDOWS\SYSTEM32\DRVINST.EXE
2024-04-21 14:30:40,\VOLUME{01da93e5ddb71a7f-34ddca5d}\WINDOWS\SYSTEM32\DRVINST.EXE
2024-04-21 12:42:54,\VOLUME{01da93e5ddb71a7f-34ddca5d}\WINDOWS\SYSTEM32\DRVINST.EXE
2024-04-21 12:42:48,\VOLUME{01da93e5ddb71a7f-34ddca5d}\WINDOWS\SYSTEM32\DRVINST.EXE
2024-04-21 12:41:42,\VOLUME{01da93e5ddb71a7f-34ddca5d}\WINDOWS\SYSTEM32\DSMUSERTASK.EXE
2024-04-21 12:41:37,\VOLUME{01da93e5ddb71a7f-34ddca5d}\WINDOWS\SYSTEM32\DSMUSERTASK.EXE
2024-04-21 12:41:36,\VOLUME{01da93e5ddb71a7f-34ddca5d}\WINDOWS\SYSTEM32\DSMUSERTASK.EXE
2024-04-21 12:38:35,\VOLUME{01da93e5ddb71a7f-34ddca5d}\WINDOWS\SYSTEM32\DSMUSERTASK.EXE
2024-04-21 12:40:39,\VOLUME{01da93e5ddb71a7f-34ddca5d}\WINDOWS\SYSTEM32\DWM.EXE
2024-04-21 15:22:03,\VOLUME{01da93e5ddb71a7f-34ddca5d}\PROGRAM FILES (X86)\MICROSOFT\EDGE\APPLICATION\124.0.2478.51\ELEVATION_SERVICE.EXE
2024-04-21 14:34:45,\VOLUME{01da93e5ddb71a7f-34ddca5d}\PROGRAM FILES (X86)\MICROSOFT\EDGE\APPLICATION\124.0.2478.51\ELEVATION_SERVICE.EXE
2024-04-21 14:25:17,\VOLUME{01da93e5ddb71a7f-34ddca5d}\PROGRAM FILES (X86)\MICROSOFT\EDGE\APPLICATION\124.0.2478.51\ELEVATION_SERVICE.EXE
2024-04-21 13:44:31,\VOLUME{01da93e5ddb71a7f-34ddca5d}\PROGRAM FILES (X86)\MICROSOFT\EDGE\APPLICATION\124.0.2478.51\ELEVATION_SERVICE.EXE
2024-04-21 12:57:09,\VOLUME{01da93e5ddb71a7f-34ddca5d}\USERS\삼식이\APPDATA\LOCAL\MICROSOFT\ONEDRIVE\21.220.1024.0005\FILESYNCCONFIG.EXE
2024-04-21 12:56:31,\VOLUME{01da93e5ddb71a7f-34ddca5d}\USERS\삼식이\APPDATA\LOCAL\MICROSOFT\ONEDRIVE\19.043.0304.0013\FILESYNCCONFIG.EXE
2024-04-21 12:40:40,\VOLUME{01da93e5ddb71a7f-34ddca5d}\WINDOWS\SYSTEM32\OOBE\FIRSTLOGONANIM.EXE
2024-04-21 12:40:39,\VOLUME{01da93e5ddb71a7f-34ddca5d}\WINDOWS\SYSTEM32\FONTDRVHOST.EXE
2024-04-21 12:44:11,\VOLUME{01da93e5ddb71a7f-34ddca5d}\WINDOWS\SYSTEM32\FSQUIRT.EXE
2024-04-21 15:19:56,\VOLUME{01da93e5ddb71a7f-34ddca5d}\PROGRAM FILES\WINDOWSAPPS\MICROSOFT.XBOXGAMINGOVERLAY_2.34.28001.0_X64__8WEKYB3D8BBWE\GAMEBAR.EXE
2024-04-21 15:22:50,\VOLUME{01da93e5ddb71a7f-34ddca5d}\WINDOWS\SYSTEM32\GAMEBARPRESENCEWRITER.EXE
2024-04-21 15:19:53,\VOLUME{01da93e5ddb71a7f-34ddca5d}\WINDOWS\SYSTEM32\GAMEBARPRESENCEWRITER.EXE
2024-04-21 15:14:38,\VOLUME{01da93e5ddb71a7f-34ddca5d}\PROGRAM FILES\WINDOWSAPPS\MICROSOFT.WINDOWSCOMMUNICATIONSAPPS_16005.11629.20316.0_X64__8WEKYB3D8BBWE\HXTSR.EXE
2024-04-21 15:22:21,\VOLUME{01da93e5ddb71a7f-34ddca5d}\PROGRAM FILES (X86)\MICROSOFT\EDGE\APPLICATION\124.0.2478.51\IDENTITY_HELPER.EXE
2024-04-21 14:34:59,\VOLUME{01da93e5ddb71a7f-34ddca5d}\PROGRAM FILES (X86)\MICROSOFT\EDGE\APPLICATION\124.0.2478.51\IDENTITY_HELPER.EXE
2024-04-21 14:25:19,\VOLUME{01da93e5ddb71a7f-34ddca5d}\PROGRAM FILES (X86)\MICROSOFT\EDGE\APPLICATION\124.0.2478.51\IDENTITY_HELPER.EXE
2024-04-21 13:44:33,\VOLUME{01da93e5ddb71a7f-34ddca5d}\PROGRAM FILES (X86)\MICROSOFT\EDGE\APPLICATION\124.0.2478.51\IDENTITY_HELPER.EXE
2024-04-21 12:45:09,\VOLUME{01da93e5ddb71a7f-34ddca5d}\PROGRAM FILES (X86)\MICROSOFT\EDGE\APPLICATION\124.0.2478.51\IDENTITY_HELPER.EXE
2024-04-21 12:41:09,\VOLUME{01da93e5ddb71a7f-34ddca5d}\WINDOWS\SYSTEM32\IE4UINIT.EXE
2024-04-21 12:41:07,\VOLUME{01da93e5ddb71a7f-34ddca5d}\WINDOWS\SYSTEM32\IE4UINIT.EXE
2024-04-21 15:20:09,\VOLUME{01da93e5ddb71a7f-34ddca5d}\WINDOWS\SYSTEM32\LAUNCHTM.EXE
2024-04-21 12:59:49,\VOLUME{01da93e5ddb71a7f-34ddca5d}\PROGRAM FILES\WINDOWSAPPS\MICROSOFT.MICROSOFTOFFICEHUB_18.1903.1152.0_X64__8WEKYB3D8BBWE\LOCALBRIDGE.EXE
2024-04-21 15:20:04,\VOLUME{01da93e5ddb71a7f-34ddca5d}\WINDOWS\SYSTEM32\LOGONUI.EXE
2024-04-21 12:40:39,\VOLUME{01da93e5ddb71a7f-34ddca5d}\WINDOWS\SYSTEM32\LOGONUI.EXE
2024-04-21 12:37:25,\VOLUME{01da93e5ddb71a7f-34ddca5d}\WINDOWS\SYSTEM32\LPREMOVE.EXE
2024-04-21 15:36:43,\VOLUME{01da93e5ddb71a7f-34ddca5d}\PROGRAM FILES (X86)\MICROSOFT\EDGEUPDATE\MICROSOFTEDGEUPDATE.EXE
2024-04-21 14:41:57,\VOLUME{01da93e5ddb71a7f-34ddca5d}\PROGRAM FILES (X86)\MICROSOFT\EDGEUPDATE\MICROSOFTEDGEUPDATE.EXE
2024-04-21 14:35:05,\VOLUME{01da93e5ddb71a7f-34ddca5d}\PROGRAM FILES (X86)\MICROSOFT\EDGEUPDATE\MICROSOFTEDGEUPDATE.EXE
2024-04-21 14:35:04,\VOLUME{01da93e5ddb71a7f-34ddca5d}\PROGRAM FILES (X86)\MICROSOFT\EDGEUPDATE\MICROSOFTEDGEUPDATE.EXE
2024-04-21 13:39:13,\VOLUME{01da93e5ddb71a7f-34ddca5d}\PROGRAM FILES (X86)\MICROSOFT\EDGEUPDATE\MICROSOFTEDGEUPDATE.EXE
2024-04-21 13:36:42,\VOLUME{01da93e5ddb71a7f-34ddca5d}\PROGRAM FILES (X86)\MICROSOFT\EDGEUPDATE\MICROSOFTEDGEUPDATE.EXE
2024-04-21 13:06:42,\VOLUME{01da93e5ddb71a7f-34ddca5d}\PROGRAM FILES (X86)\MICROSOFT\EDGEUPDATE\MICROSOFTEDGEUPDATE.EXE
2024-04-21 12:39:29,\VOLUME{01da93e5ddb71a7f-34ddca5d}\PROGRAM FILES (X86)\MICROSOFT\EDGEUPDATE\MICROSOFTEDGEUPDATE.EXE
2024-04-21 13:38:00,MICROSOFTEDGE_X64_123.0.2420.
2024-04-21 12:36:17,MICROSOFTEDGE_X64_124.0.2478.
2024-04-21 15:22:50,\VOLUME{01da93e5ddb71a7f-34ddca5d}\PROGRAM FILES\WINDOWSAPPS\5331LETHANHDAT.MINESWEEPERONLINECLASSICCHALLENGEFO_1.0.5.0_X64__4SG46MHSEQKY0\MINESWEEPER.EXE
2024-04-21 15:19:51,\VOLUME{01da93e5ddb71a7f-34ddca5d}\PROGRAM FILES\WINDOWSAPPS\5331LETHANHDAT.MINESWEEPERONLINECLASSICCHALLENGEFO_1.0.5.0_X64__4SG46MHSEQKY0\MINESWEEPER.EXE
2024-04-21 14:34:23,\VOLUME{01da93e5ddb71a7f-34ddca5d}\WINDOWS\SYSTEM32\MOBSYNC.EXE
2024-04-21 14:57:18,\VOLUME{01da93e5ddb71a7f-34ddca5d}\WINDOWS\SYSTEM32\MOUSOCOREWORKER.EXE
2024-04-21 14:38:59,\VOLUME{01da93e5ddb71a7f-34ddca5d}\WINDOWS\SYSTEM32\MOUSOCOREWORKER.EXE
2024-04-21 14:33:47,\VOLUME{01da93e5ddb71a7f-34ddca5d}\WINDOWS\SYSTEM32\MOUSOCOREWORKER.EXE
2024-04-21 13:04:24,\VOLUME{01da93e5ddb71a7f-34ddca5d}\WINDOWS\SYSTEM32\MOUSOCOREWORKER.EXE
2024-04-21 12:39:34,\VOLUME{01da93e5ddb71a7f-34ddca5d}\WINDOWS\SYSTEM32\MOUSOCOREWORKER.EXE
2024-04-21 15:07:35,\VOLUME{01da93e5ddb71a7f-34ddca5d}\WINDOWS\SYSTEM32\MPSIGSTUB.EXE
2024-04-21 15:07:25,\VOLUME{01da93e5ddb71a7f-34ddca5d}\WINDOWS\SOFTWAREDISTRIBUTION\DOWNLOAD\INSTALL\MPSIGSTUB.EXE
2024-04-21 12:54:04,\VOLUME{01da93e5ddb71a7f-34ddca5d}\WINDOWS\MICROSOFT.NET\FRAMEWORK64\V4.0.30319\MSCORSVW.EXE
2024-04-21 12:51:24,\VOLUME{01da93e5ddb71a7f-34ddca5d}\WINDOWS\MICROSOFT.NET\FRAMEWORK64\V4.0.30319\MSCORSVW.EXE
2024-04-21 12:51:24,\VOLUME{01da93e5ddb71a7f-34ddca5d}\WINDOWS\MICROSOFT.NET\FRAMEWORK64\V4.0.30319\MSCORSVW.EXE
2024-04-21 12:51:19,\VOLUME{01da93e5ddb71a7f-34ddca5d}\WINDOWS\MICROSOFT.NET\FRAMEWORK64\V4.0.30319\MSCORSVW.EXE
2024-04-21 12:51:18,\VOLUME{01da93e5ddb71a7f-34ddca5d}\WINDOWS\MICROSOFT.NET\FRAMEWORK64\V4.0.30319\MSCORSVW.EXE
2024-04-21 12:51:18,\VOLUME{01da93e5ddb71a7f-34ddca5d}\WINDOWS\MICROSOFT.NET\FRAMEWORK64\V4.0.30319\MSCORSVW.EXE
2024-04-21 12:51:10,\VOLUME{01da93e5ddb71a7f-34ddca5d}\WINDOWS\MICROSOFT.NET\FRAMEWORK64\V4.0.30319\MSCORSVW.EXE
2024-04-21 12:50:46,\VOLUME{01da93e5ddb71a7f-34ddca5d}\WINDOWS\MICROSOFT.NET\FRAMEWORK64\V4.0.30319\MSCORSVW.EXE
2024-04-21 12:55:51,\VOLUME{01da93e5ddb71a7f-34ddca5d}\WINDOWS\MICROSOFT.NET\FRAMEWORK\V4.0.30319\MSCORSVW.EXE
2024-04-21 12:55:46,\VOLUME{01da93e5ddb71a7f-34ddca5d}\WINDOWS\MICROSOFT.NET\FRAMEWORK\V4.0.30319\MSCORSVW.EXE
2024-04-21 12:55:46,\VOLUME{01da93e5ddb71a7f-34ddca5d}\WINDOWS\MICROSOFT.NET\FRAMEWORK\V4.0.30319\MSCORSVW.EXE
2024-04-21 12:55:45,\VOLUME{01da93e5ddb71a7f-34ddca5d}\WINDOWS\MICROSOFT.NET\FRAMEWORK\V4.0.30319\MSCORSVW.EXE
2024-04-21 12:55:33,\VOLUME{01da93e5ddb71a7f-34ddca5d}\WINDOWS\MICROSOFT.NET\FRAMEWORK\V4.0.30319\MSCORSVW.EXE
2024-04-21 12:55:32,\VOLUME{01da93e5ddb71a7f-34ddca5d}\WINDOWS\MICROSOFT.NET\FRAMEWORK\V4.0.30319\MSCORSVW.EXE
2024-04-21 12:55:31,\VOLUME{01da93e5ddb71a7f-34ddca5d}\WINDOWS\MICROSOFT.NET\FRAMEWORK\V4.0.30319\MSCORSVW.EXE
2024-04-21 12:55:15,\VOLUME{01da93e5ddb71a7f-34ddca5d}\WINDOWS\MICROSOFT.NET\FRAMEWORK\V4.0.30319\MSCORSVW.EXE
2024-04-21 14:31:26,\VOLUME{01da93e5ddb71a7f-34ddca5d}\WINDOWS\SYSTEM32\MSDTC.EXE
2024-04-21 15:21:55,\VOLUME{01da93e5ddb71a7f-34ddca5d}\PROGRAM FILES (X86)\MICROSOFT\EDGE\APPLICATION\MSEDGE.EXE
2024-04-21 14:50:43,\VOLUME{01da93e5ddb71a7f-34ddca5d}\PROGRAM FILES (X86)\MICROSOFT\EDGE\APPLICATION\MSEDGE.EXE
2024-04-21 14:34:34,\VOLUME{01da93e5ddb71a7f-34ddca5d}\PROGRAM FILES (X86)\MICROSOFT\EDGE\APPLICATION\MSEDGE.EXE
2024-04-21 14:25:16,\VOLUME{01da93e5ddb71a7f-34ddca5d}\PROGRAM FILES (X86)\MICROSOFT\EDGE\APPLICATION\MSEDGE.EXE
2024-04-21 14:25:26,\VOLUME{01da93e5ddb71a7f-34ddca5d}\PROGRAM FILES (X86)\MICROSOFT\EDGE\APPLICATION\MSEDGE.EXE
2024-04-21 14:17:46,\VOLUME{01da93e5ddb71a7f-34ddca5d}\PROGRAM FILES (X86)\MICROSOFT\EDGE\APPLICATION\MSEDGE.EXE
2024-04-21 13:44:29,\VOLUME{01da93e5ddb71a7f-34ddca5d}\PROGRAM FILES (X86)\MICROSOFT\EDGE\APPLICATION\MSEDGE.EXE
2024-04-21 12:44:13,\VOLUME{01da93e5ddb71a7f-34ddca5d}\PROGRAM FILES (X86)\MICROSOFT\EDGE\APPLICATION\MSEDGE.EXE
2024-04-21 15:10:45,\VOLUME{01da93e5ddb71a7f-34ddca5d}\PROGRAM FILES (X86)\MICROSOFT\EDGE\APPLICATION\MSEDGE.EXE
2024-04-21 14:50:44,\VOLUME{01da93e5ddb71a7f-34ddca5d}\PROGRAM FILES (X86)\MICROSOFT\EDGE\APPLICATION\MSEDGE.EXE
2024-04-21 14:50:44,\VOLUME{01da93e5ddb71a7f-34ddca5d}\PROGRAM FILES (X86)\MICROSOFT\EDGE\APPLICATION\MSEDGE.EXE
2024-04-21 14:25:27,\VOLUME{01da93e5ddb71a7f-34ddca5d}\PROGRAM FILES (X86)\MICROSOFT\EDGE\APPLICATION\MSEDGE.EXE
2024-04-21 14:25:26,\VOLUME{01da93e5ddb71a7f-34ddca5d}\PROGRAM FILES (X86)\MICROSOFT\EDGE\APPLICATION\MSEDGE.EXE
2024-04-21 14:25:15,\VOLUME{01da93e5ddb71a7f-34ddca5d}\PROGRAM FILES (X86)\MICROSOFT\EDGE\APPLICATION\MSEDGE.EXE
2024-04-21 14:25:16,\VOLUME{01da93e5ddb71a7f-34ddca5d}\PROGRAM FILES (X86)\MICROSOFT\EDGE\APPLICATION\MSEDGE.EXE
2024-04-21 14:25:14,\VOLUME{01da93e5ddb71a7f-34ddca5d}\PROGRAM FILES (X86)\MICROSOFT\EDGE\APPLICATION\MSEDGE.EXE
2024-04-21 15:22:02,\VOLUME{01da93e5ddb71a7f-34ddca5d}\PROGRAM FILES (X86)\MICROSOFT\EDGE\APPLICATION\MSEDGE.EXE
2024-04-21 14:34:44,\VOLUME{01da93e5ddb71a7f-34ddca5d}\PROGRAM FILES (X86)\MICROSOFT\EDGE\APPLICATION\MSEDGE.EXE
2024-04-21 14:25:17,\VOLUME{01da93e5ddb71a7f-34ddca5d}\PROGRAM FILES (X86)\MICROSOFT\EDGE\APPLICATION\MSEDGE.EXE
2024-04-21 13:44:31,\VOLUME{01da93e5ddb71a7f-34ddca5d}\PROGRAM FILES (X86)\MICROSOFT\EDGE\APPLICATION\MSEDGE.EXE
2024-04-21 12:44:38,\VOLUME{01da93e5ddb71a7f-34ddca5d}\PROGRAM FILES (X86)\MICROSOFT\EDGE\APPLICATION\MSEDGE.EXE
2024-04-21 12:44:37,\VOLUME{01da93e5ddb71a7f-34ddca5d}\PROGRAM FILES (X86)\MICROSOFT\EDGE\APPLICATION\MSEDGE.EXE
2024-04-21 12:44:35,\VOLUME{01da93e5ddb71a7f-34ddca5d}\PROGRAM FILES (X86)\MICROSOFT\EDGE\APPLICATION\MSEDGE.EXE
2024-04-21 12:44:34,\VOLUME{01da93e5ddb71a7f-34ddca5d}\PROGRAM FILES (X86)\MICROSOFT\EDGE\APPLICATION\MSEDGE.EXE
2024-04-21 15:22:03,\VOLUME{01da93e5ddb71a7f-34ddca5d}\PROGRAM FILES (X86)\MICROSOFT\EDGE\APPLICATION\MSEDGE.EXE
2024-04-21 14:34:44,\VOLUME{01da93e5ddb71a7f-34ddca5d}\PROGRAM FILES (X86)\MICROSOFT\EDGE\APPLICATION\MSEDGE.EXE
2024-04-21 14:25:17,\VOLUME{01da93e5ddb71a7f-34ddca5d}\PROGRAM FILES (X86)\MICROSOFT\EDGE\APPLICATION\MSEDGE.EXE
2024-04-21 13:44:31,\VOLUME{01da93e5ddb71a7f-34ddca5d}\PROGRAM FILES (X86)\MICROSOFT\EDGE\APPLICATION\MSEDGE.EXE
2024-04-21 15:21:57,\VOLUME{01da93e5ddb71a7f-34ddca5d}\PROGRAM FILES (X86)\MICROSOFT\EDGE\APPLICATION\MSEDGE.EXE
2024-04-21 14:34:42,\VOLUME{01da93e5ddb71a7f-34ddca5d}\PROGRAM FILES (X86)\MICROSOFT\EDGE\APPLICATION\MSEDGE.EXE
2024-04-21 14:25:16,\VOLUME{01da93e5ddb71a7f-34ddca5d}\PROGRAM FILES (X86)\MICROSOFT\EDGE\APPLICATION\MSEDGE.EXE
2024-04-21 13:44:30,\VOLUME{01da93e5ddb71a7f-34ddca5d}\PROGRAM FILES (X86)\MICROSOFT\EDGE\APPLICATION\MSEDGE.EXE
2024-04-21 12:44:22,\VOLUME{01da93e5ddb71a7f-34ddca5d}\PROGRAM FILES (X86)\MICROSOFT\EDGE\APPLICATION\MSEDGE.EXE
2024-04-21 15:32:21,\VOLUME{01da93e5ddb71a7f-34ddca5d}\PROGRAM FILES (X86)\MICROSOFT\EDGE\APPLICATION\MSEDGE.EXE
2024-04-21 15:22:10,\VOLUME{01da93e5ddb71a7f-34ddca5d}\PROGRAM FILES (X86)\MICROSOFT\EDGE\APPLICATION\MSEDGE.EXE
2024-04-21 15:22:03,\VOLUME{01da93e5ddb71a7f-34ddca5d}\PROGRAM FILES (X86)\MICROSOFT\EDGE\APPLICATION\MSEDGE.EXE
2024-04-21 15:22:04,\VOLUME{01da93e5ddb71a7f-34ddca5d}\PROGRAM FILES (X86)\MICROSOFT\EDGE\APPLICATION\MSEDGE.EXE
2024-04-21 15:11:13,\VOLUME{01da93e5ddb71a7f-34ddca5d}\PROGRAM FILES (X86)\MICROSOFT\EDGE\APPLICATION\MSEDGE.EXE
2024-04-21 15:06:09,\VOLUME{01da93e5ddb71a7f-34ddca5d}\PROGRAM FILES (X86)\MICROSOFT\EDGE\APPLICATION\MSEDGE.EXE
2024-04-21 14:50:44,\VOLUME{01da93e5ddb71a7f-34ddca5d}\PROGRAM FILES (X86)\MICROSOFT\EDGE\APPLICATION\MSEDGE.EXE
2024-04-21 14:44:59,\VOLUME{01da93e5ddb71a7f-34ddca5d}\PROGRAM FILES (X86)\MICROSOFT\EDGE\APPLICATION\MSEDGE.EXE
2024-04-21 14:30:22,\VOLUME{01da93e5ddb71a7f-34ddca5d}\WINDOWS\SYSTEM32\MSIEXEC.EXE
2024-04-21 14:30:14,\VOLUME{01da93e5ddb71a7f-34ddca5d}\WINDOWS\SYSTEM32\MSIEXEC.EXE
2024-04-21 14:30:00,\VOLUME{01da93e5ddb71a7f-34ddca5d}\WINDOWS\SYSTEM32\MSIEXEC.EXE
2024-04-21 14:29:46,\VOLUME{01da93e5ddb71a7f-34ddca5d}\WINDOWS\SYSTEM32\MSIEXEC.EXE
2024-04-21 14:30:22,\VOLUME{01da93e5ddb71a7f-34ddca5d}\WINDOWS\SYSWOW64\MSIEXEC.EXE
2024-04-21 12:55:14,\VOLUME{01da93e5ddb71a7f-34ddca5d}\WINDOWS\MICROSOFT.NET\FRAMEWORK64\V4.0.30319\NGEN.EXE
2024-04-21 12:50:19,\VOLUME{01da93e5ddb71a7f-34ddca5d}\WINDOWS\MICROSOFT.NET\FRAMEWORK64\V4.0.30319\NGENTASK.EXE
2024-04-21 12:50:19,\VOLUME{01da93e5ddb71a7f-34ddca5d}\WINDOWS\MICROSOFT.NET\FRAMEWORK\V4.0.30319\NGENTASK.EXE
2024-04-21 12:57:11,\VOLUME{01da93e5ddb71a7f-34ddca5d}\USERS\삼식이\APPDATA\LOCAL\MICROSOFT\ONEDRIVE\ONEDRIVE.EXE
2024-04-21 12:56:37,\VOLUME{01da93e5ddb71a7f-34ddca5d}\USERS\삼식이\APPDATA\LOCAL\MICROSOFT\ONEDRIVE\ONEDRIVE.EXE
2024-04-21 12:56:48,\VOLUME{01da93e5ddb71a7f-34ddca5d}\USERS\삼식이\APPDATA\LOCAL\MICROSOFT\ONEDRIVE\UPDATE\ONEDRIVESETUP.EXE
2024-04-21 12:56:50,\VOLUME{01da93e5ddb71a7f-34ddca5d}\USERS\삼식이\APPDATA\LOCAL\MICROSOFT\ONEDRIVE\UPDATE\ONEDRIVESETUP.EXE
2024-04-21 12:44:51,\VOLUME{01da93e5ddb71a7f-34ddca5d}\WINDOWS\SYSWOW64\ONEDRIVESETUP.EXE
2024-04-21 12:44:25,\VOLUME{01da93e5ddb71a7f-34ddca5d}\WINDOWS\SYSWOW64\ONEDRIVESETUP.EXE
2024-04-21 12:43:43,Op-SEARCHAPP.EXE-DD93808B
2024-04-21 15:34:04,\VOLUME{01da93e5ddb71a7f-34ddca5d}\USERS\삼식이\TMP\PINBALL\PINBALL.EXE
2024-04-21 14:31:28,\VOLUME{01da93e5ddb71a7f-34ddca5d}\WINDOWS\SYSTEM32\RUNDLL32.EXE
2024-04-21 15:35:37,\VOLUME{01da93e5ddb71a7f-34ddca5d}\WINDOWS\SYSTEM32\RUNDLL32.EXE
2024-04-21 12:58:27,\VOLUME{01da93e5ddb71a7f-34ddca5d}\WINDOWS\SYSTEM32\RUNDLL32.EXE
2024-04-21 12:44:56,\VOLUME{01da93e5ddb71a7f-34ddca5d}\WINDOWS\SYSTEM32\RUNDLL32.EXE
2024-04-21 12:41:04,\VOLUME{01da93e5ddb71a7f-34ddca5d}\WINDOWS\SYSTEM32\RUNDLL32.EXE
2024-04-21 12:34:51,\VOLUME{01da93e5ddb71a7f-34ddca5d}\WINDOWS\SYSTEM32\RUNDLL32.EXE
2024-04-21 12:41:14,\VOLUME{01da93e5ddb71a7f-34ddca5d}\WINDOWS\SYSTEM32\RUNDLL32.EXE
2024-04-21 15:19:36,\VOLUME{01da93e5ddb71a7f-34ddca5d}\WINDOWS\SYSTEM32\RUNDLL32.EXE
2024-04-21 14:31:28,\VOLUME{01da93e5ddb71a7f-34ddca5d}\WINDOWS\SYSTEM32\RUNDLL32.EXE
2024-04-21 15:14:45,\VOLUME{01da93e5ddb71a7f-34ddca5d}\WINDOWS\SYSTEM32\RUNDLL32.EXE
2024-04-21 14:29:08,\VOLUME{01da93e5ddb71a7f-34ddca5d}\WINDOWS\SYSTEM32\RUNDLL32.EXE
2024-04-21 15:14:35,\VOLUME{01da93e5ddb71a7f-34ddca5d}\WINDOWS\SYSTEM32\RUNDLL32.EXE
2024-04-21 15:23:53,\VOLUME{01da93e5ddb71a7f-34ddca5d}\WINDOWS\SYSTEM32\RUNDLL32.EXE
2024-04-21 14:27:37,\VOLUME{01da93e5ddb71a7f-34ddca5d}\WINDOWS\SYSTEM32\RUNDLL32.EXE
2024-04-21 12:59:12,\VOLUME{01da93e5ddb71a7f-34ddca5d}\WINDOWS\SYSTEM32\RUNTIMEBROKER.EXE
2024-04-21 14:34:31,\VOLUME{01da93e5ddb71a7f-34ddca5d}\WINDOWS\SYSTEM32\RUNTIMEBROKER.EXE
2024-04-21 12:58:57,\VOLUME{01da93e5ddb71a7f-34ddca5d}\WINDOWS\SYSTEM32\RUNTIMEBROKER.EXE
2024-04-21 12:49:16,\VOLUME{01da93e5ddb71a7f-34ddca5d}\WINDOWS\SYSTEM32\RUNTIMEBROKER.EXE
2024-04-21 12:35:45,\VOLUME{01da93e5ddb71a7f-34ddca5d}\WINDOWS\SYSTEM32\RUNTIMEBROKER.EXE
2024-04-21 14:51:34,\VOLUME{01da93e5ddb71a7f-34ddca5d}\WINDOWS\SYSTEM32\RUNTIMEBROKER.EXE
2024-04-21 12:56:06,\VOLUME{01da93e5ddb71a7f-34ddca5d}\WINDOWS\SYSTEM32\RUNTIMEBROKER.EXE
2024-04-21 15:22:10,\VOLUME{01da93e5ddb71a7f-34ddca5d}\WINDOWS\SYSTEM32\RUNTIMEBROKER.EXE
2024-04-21 13:44:33,\VOLUME{01da93e5ddb71a7f-34ddca5d}\WINDOWS\SYSTEM32\RUNTIMEBROKER.EXE
2024-04-21 13:39:51,\VOLUME{01da93e5ddb71a7f-34ddca5d}\WINDOWS\SYSTEM32\RUNTIMEBROKER.EXE
2024-04-21 12:43:48,\VOLUME{01da93e5ddb71a7f-34ddca5d}\WINDOWS\SYSTEM32\RUNTIMEBROKER.EXE
2024-04-21 12:58:31,\VOLUME{01da93e5ddb71a7f-34ddca5d}\WINDOWS\SYSTEM32\RUNTIMEBROKER.EXE
2024-04-21 14:33:45,\VOLUME{01da93e5ddb71a7f-34ddca5d}\WINDOWS\SYSTEM32\RUNTIMEBROKER.EXE
2024-04-21 12:42:34,\VOLUME{01da93e5ddb71a7f-34ddca5d}\WINDOWS\SYSTEM32\RUNTIMEBROKER.EXE
2024-04-21 12:44:52,\VOLUME{01da93e5ddb71a7f-34ddca5d}\WINDOWS\SYSTEM32\RUNTIMEBROKER.EXE
2024-04-21 12:59:16,\VOLUME{01da93e5ddb71a7f-34ddca5d}\WINDOWS\SYSTEM32\RUNTIMEBROKER.EXE
2024-04-21 12:51:24,\VOLUME{01da93e5ddb71a7f-34ddca5d}\WINDOWS\SYSTEM32\RUNTIMEBROKER.EXE
2024-04-21 14:34:02,\VOLUME{01da93e5ddb71a7f-34ddca5d}\WINDOWS\SYSTEM32\RUNTIMEBROKER.EXE
2024-04-21 12:43:30,\VOLUME{01da93e5ddb71a7f-34ddca5d}\WINDOWS\SYSTEM32\RUNTIMEBROKER.EXE
2024-04-21 13:19:18,\VOLUME{01da93e5ddb71a7f-34ddca5d}\WINDOWS\SYSTEM32\RUNTIMEBROKER.EXE
2024-04-21 12:58:55,\VOLUME{01da93e5ddb71a7f-34ddca5d}\WINDOWS\SYSTEM32\RUNTIMEBROKER.EXE
2024-04-21 15:14:39,\VOLUME{01da93e5ddb71a7f-34ddca5d}\WINDOWS\SYSTEM32\RUNTIMEBROKER.EXE
2024-04-21 13:10:11,\VOLUME{01da93e5ddb71a7f-34ddca5d}\WINDOWS\SYSTEM32\RUNTIMEBROKER.EXE
2024-04-21 12:45:16,\VOLUME{01da93e5ddb71a7f-34ddca5d}\WINDOWS\SYSTEM32\RUNTIMEBROKER.EXE
2024-04-21 12:59:48,\VOLUME{01da93e5ddb71a7f-34ddca5d}\WINDOWS\SYSTEM32\RUNTIMEBROKER.EXE
2024-04-21 13:39:52,\VOLUME{01da93e5ddb71a7f-34ddca5d}\WINDOWS\SYSTEM32\RUNTIMEBROKER.EXE
2024-04-21 12:52:42,\VOLUME{01da93e5ddb71a7f-34ddca5d}\WINDOWS\SYSTEM32\RUNTIMEBROKER.EXE
2024-04-21 12:42:35,\VOLUME{01da93e5ddb71a7f-34ddca5d}\WINDOWS\SYSTEM32\RUNTIMEBROKER.EXE
2024-04-21 12:40:35,\VOLUME{01da93e5ddb71a7f-34ddca5d}\WINDOWS\SYSTEM32\RUNTIMEBROKER.EXE
2024-04-21 15:35:40,\VOLUME{01da93e5ddb71a7f-34ddca5d}\WINDOWS\SYSTEM32\RUNTIMEBROKER.EXE
2024-04-21 14:52:52,\VOLUME{01da93e5ddb71a7f-34ddca5d}\WINDOWS\SYSTEM32\RUNTIMEBROKER.EXE
2024-04-21 15:19:54,\VOLUME{01da93e5ddb71a7f-34ddca5d}\WINDOWS\SYSTEM32\RUNTIMEBROKER.EXE
2024-04-21 14:33:57,\VOLUME{01da93e5ddb71a7f-34ddca5d}\WINDOWS\SYSTEMAPPS\MICROSOFT.WINDOWS.SEARCH_CW5N1H2TXYEWY\SEARCHAPP.EXE
2024-04-21 12:43:27,\VOLUME{01da93e5ddb71a7f-34ddca5d}\WINDOWS\SYSTEMAPPS\MICROSOFT.WINDOWS.SEARCH_CW5N1H2TXYEWY\SEARCHAPP.EXE
2024-04-21 15:32:54,\VOLUME{01da93e5ddb71a7f-34ddca5d}\WINDOWS\SYSTEM32\SEARCHFILTERHOST.EXE
2024-04-21 15:22:48,\VOLUME{01da93e5ddb71a7f-34ddca5d}\WINDOWS\SYSTEM32\SEARCHFILTERHOST.EXE
2024-04-21 15:19:38,\VOLUME{01da93e5ddb71a7f-34ddca5d}\WINDOWS\SYSTEM32\SEARCHFILTERHOST.EXE
2024-04-21 15:15:14,\VOLUME{01da93e5ddb71a7f-34ddca5d}\WINDOWS\SYSTEM32\SEARCHFILTERHOST.EXE
2024-04-21 15:12:54,\VOLUME{01da93e5ddb71a7f-34ddca5d}\WINDOWS\SYSTEM32\SEARCHFILTERHOST.EXE
2024-04-21 15:07:11,\VOLUME{01da93e5ddb71a7f-34ddca5d}\WINDOWS\SYSTEM32\SEARCHFILTERHOST.EXE
2024-04-21 14:59:55,\VOLUME{01da93e5ddb71a7f-34ddca5d}\WINDOWS\SYSTEM32\SEARCHFILTERHOST.EXE
2024-04-21 14:56:47,\VOLUME{01da93e5ddb71a7f-34ddca5d}\WINDOWS\SYSTEM32\SEARCHFILTERHOST.EXE
2024-04-21 15:32:54,\VOLUME{01da93e5ddb71a7f-34ddca5d}\WINDOWS\SYSTEM32\SEARCHPROTOCOLHOST.EXE
2024-04-21 15:22:48,\VOLUME{01da93e5ddb71a7f-34ddca5d}\WINDOWS\SYSTEM32\SEARCHPROTOCOLHOST.EXE
2024-04-21 15:19:37,\VOLUME{01da93e5ddb71a7f-34ddca5d}\WINDOWS\SYSTEM32\SEARCHPROTOCOLHOST.EXE
2024-04-21 15:15:14,\VOLUME{01da93e5ddb71a7f-34ddca5d}\WINDOWS\SYSTEM32\SEARCHPROTOCOLHOST.EXE
2024-04-21 15:12:54,\VOLUME{01da93e5ddb71a7f-34ddca5d}\WINDOWS\SYSTEM32\SEARCHPROTOCOLHOST.EXE
2024-04-21 15:07:11,\VOLUME{01da93e5ddb71a7f-34ddca5d}\WINDOWS\SYSTEM32\SEARCHPROTOCOLHOST.EXE
2024-04-21 14:56:45,\VOLUME{01da93e5ddb71a7f-34ddca5d}\WINDOWS\SYSTEM32\SEARCHPROTOCOLHOST.EXE
2024-04-21 14:27:43,\VOLUME{01da93e5ddb71a7f-34ddca5d}\WINDOWS\SYSTEM32\SEARCHPROTOCOLHOST.EXE
2024-04-21 14:34:31,\VOLUME{01da93e5ddb71a7f-34ddca5d}\WINDOWS\SYSTEM32\SECURITYHEALTHSERVICE.EXE
2024-04-21 12:44:26,\VOLUME{01da93e5ddb71a7f-34ddca5d}\WINDOWS\SYSTEM32\SECURITYHEALTHSERVICE.EXE
2024-04-21 14:34:31,\VOLUME{01da93e5ddb71a7f-34ddca5d}\WINDOWS\SYSTEM32\SECURITYHEALTHSYSTRAY.EXE
2024-04-21 12:44:23,\VOLUME{01da93e5ddb71a7f-34ddca5d}\WINDOWS\SYSTEM32\SECURITYHEALTHSYSTRAY.EXE
2024-04-21 12:44:05,\VOLUME{01da93e5ddb71a7f-34ddca5d}\WINDOWS\SYSTEM32\SETTINGSYNCHOST.EXE
2024-04-21 12:45:06,\VOLUME{01da93e5ddb71a7f-34ddca5d}\PROGRAM FILES (X86)\MICROSOFT\EDGE\APPLICATION\124.0.2478.51\INSTALLER\SETUP.EXE
2024-04-21 12:45:08,\VOLUME{01da93e5ddb71a7f-34ddca5d}\PROGRAM FILES (X86)\MICROSOFT\EDGE\APPLICATION\124.0.2478.51\INSTALLER\SETUP.EXE
2024-04-21 12:41:29,\VOLUME{01da93e5ddb71a7f-34ddca5d}\PROGRAM FILES (X86)\MICROSOFT\EDGE\APPLICATION\124.0.2478.51\INSTALLER\SETUP.EXE
2024-04-21 12:41:19,\VOLUME{01da93e5ddb71a7f-34ddca5d}\PROGRAM FILES (X86)\MICROSOFT\EDGE\APPLICATION\124.0.2478.51\INSTALLER\SETUP.EXE
2024-04-21 12:41:18,\VOLUME{01da93e5ddb71a7f-34ddca5d}\PROGRAM FILES (X86)\MICROSOFT\EDGE\APPLICATION\124.0.2478.51\INSTALLER\SETUP.EXE
2024-04-21 12:37:47,\VOLUME{01da93e5ddb71a7f-34ddca5d}\PROGRAM FILES (X86)\MICROSOFT\EDGE\APPLICATION\124.0.2478.51\INSTALLER\SETUP.EXE
2024-04-21 12:45:07,\VOLUME{01da93e5ddb71a7f-34ddca5d}\PROGRAM FILES (X86)\MICROSOFT\EDGE\APPLICATION\124.0.2478.51\INSTALLER\SETUP.EXE
2024-04-21 12:45:08,\VOLUME{01da93e5ddb71a7f-34ddca5d}\PROGRAM FILES (X86)\MICROSOFT\EDGE\APPLICATION\124.0.2478.51\INSTALLER\SETUP.EXE
2024-04-21 12:41:30,\VOLUME{01da93e5ddb71a7f-34ddca5d}\PROGRAM FILES (X86)\MICROSOFT\EDGE\APPLICATION\124.0.2478.51\INSTALLER\SETUP.EXE
2024-04-21 12:41:18,\VOLUME{01da93e5ddb71a7f-34ddca5d}\PROGRAM FILES (X86)\MICROSOFT\EDGE\APPLICATION\124.0.2478.51\INSTALLER\SETUP.EXE
2024-04-21 12:41:20,\VOLUME{01da93e5ddb71a7f-34ddca5d}\PROGRAM FILES (X86)\MICROSOFT\EDGE\APPLICATION\124.0.2478.51\INSTALLER\SETUP.EXE
2024-04-21 12:37:48,\VOLUME{01da93e5ddb71a7f-34ddca5d}\PROGRAM FILES (X86)\MICROSOFT\EDGE\APPLICATION\124.0.2478.51\INSTALLER\SETUP.EXE
2024-04-21 14:29:32,\VOLUME{0000000000000000-64619155}\SETUP.EXE
2024-04-21 12:37:45,\VOLUME{01da93e5ddb71a7f-34ddca5d}\PROGRAM FILES (X86)\MICROSOFT\EDGEUPDATE\INSTALL\{12725C68-1F03-4826-918E-FE82A615FD46}\EDGEMITMP_EAEB0.TMP\SETUP.EXE
2024-04-21 12:36:19,\VOLUME{01da93e5ddb71a7f-34ddca5d}\PROGRAM FILES (X86)\MICROSOFT\EDGEUPDATE\INSTALL\{12725C68-1F03-4826-918E-FE82A615FD46}\EDGEMITMP_EAEB0.TMP\SETUP.EXE
2024-04-21 12:37:46,\VOLUME{01da93e5ddb71a7f-34ddca5d}\PROGRAM FILES (X86)\MICROSOFT\EDGEUPDATE\INSTALL\{12725C68-1F03-4826-918E-FE82A615FD46}\EDGEMITMP_EAEB0.TMP\SETUP.EXE
2024-04-21 12:36:19,\VOLUME{01da93e5ddb71a7f-34ddca5d}\PROGRAM FILES (X86)\MICROSOFT\EDGEUPDATE\INSTALL\{12725C68-1F03-4826-918E-FE82A615FD46}\EDGEMITMP_EAEB0.TMP\SETUP.EXE
2024-04-21 13:38:02,\VOLUME{01da93e5ddb71a7f-34ddca5d}\PROGRAM FILES (X86)\MICROSOFT\EDGEUPDATE\INSTALL\{3F173D05-A7A7-4240-B080-832ACF6AA517}\EDGEMITMP_D9FBF.TMP\SETUP.EXE
2024-04-21 14:29:36,\VOLUME{0000000000000000-64619155}\SETUP64.EXE
2024-04-21 14:29:33,\VOLUME{0000000000000000-64619155}\SETUP64.EXE
2024-04-21 14:35:05,\VOLUME{01da93e5ddb71a7f-34ddca5d}\WINDOWS\SYSTEM32\SGRMBROKER.EXE
2024-04-21 12:36:53,\VOLUME{01da93e5ddb71a7f-34ddca5d}\WINDOWS\SYSTEM32\SGRMBROKER.EXE
2024-04-21 15:14:52,\VOLUME{01da93e5ddb71a7f-34ddca5d}\WINDOWS\SYSTEMAPPS\SHELLEXPERIENCEHOST_CW5N1H2TXYEWY\SHELLEXPERIENCEHOST.EXE
2024-04-21 12:44:00,\VOLUME{01da93e5ddb71a7f-34ddca5d}\WINDOWS\SYSTEMAPPS\SHELLEXPERIENCEHOST_CW5N1H2TXYEWY\SHELLEXPERIENCEHOST.EXE
2024-04-21 12:40:43,\VOLUME{01da93e5ddb71a7f-34ddca5d}\WINDOWS\SYSTEM32\SIHOST.EXE
2024-04-21 14:34:27,\VOLUME{01da93e5ddb71a7f-34ddca5d}\PROGRAM FILES\WINDOWSAPPS\MICROSOFT.SKYPEAPP_14.53.77.0_X64__KZF8QXF38ZG5C\SKYPEAPP.EXE
2024-04-21 14:34:27,\VOLUME{01da93e5ddb71a7f-34ddca5d}\PROGRAM FILES\WINDOWSAPPS\MICROSOFT.SKYPEAPP_14.53.77.0_X64__KZF8QXF38ZG5C\SKYPEBACKGROUNDHOST.EXE
2024-04-21 14:48:08,\VOLUME{01da93e5ddb71a7f-34ddca5d}\WINDOWS\SYSTEM32\SLUI.EXE
2024-04-21 14:48:03,\VOLUME{01da93e5ddb71a7f-34ddca5d}\WINDOWS\SYSTEM32\SLUI.EXE
2024-04-21 14:34:47,\VOLUME{01da93e5ddb71a7f-34ddca5d}\WINDOWS\SYSTEM32\SLUI.EXE
2024-04-21 14:34:09,\VOLUME{01da93e5ddb71a7f-34ddca5d}\WINDOWS\SYSTEM32\SLUI.EXE
2024-04-21 14:34:09,\VOLUME{01da93e5ddb71a7f-34ddca5d}\WINDOWS\SYSTEM32\SLUI.EXE
2024-04-21 12:49:25,\VOLUME{01da93e5ddb71a7f-34ddca5d}\WINDOWS\SYSTEM32\SLUI.EXE
2024-04-21 12:49:26,\VOLUME{01da93e5ddb71a7f-34ddca5d}\WINDOWS\SYSTEM32\SLUI.EXE
2024-04-21 12:44:43,\VOLUME{01da93e5ddb71a7f-34ddca5d}\WINDOWS\SYSTEM32\SLUI.EXE
2024-04-21 15:19:54,\VOLUME{01da93e5ddb71a7f-34ddca5d}\WINDOWS\SYSTEM32\SMARTSCREEN.EXE
2024-04-21 14:50:42,\VOLUME{01da93e5ddb71a7f-34ddca5d}\WINDOWS\SYSTEM32\SMARTSCREEN.EXE
2024-04-21 14:44:33,\VOLUME{01da93e5ddb71a7f-34ddca5d}\WINDOWS\SYSTEM32\SMARTSCREEN.EXE
2024-04-21 14:34:30,\VOLUME{01da93e5ddb71a7f-34ddca5d}\WINDOWS\SYSTEM32\SMARTSCREEN.EXE
2024-04-21 14:25:15,\VOLUME{01da93e5ddb71a7f-34ddca5d}\WINDOWS\SYSTEM32\SMARTSCREEN.EXE
2024-04-21 14:17:45,\VOLUME{01da93e5ddb71a7f-34ddca5d}\WINDOWS\SYSTEM32\SMARTSCREEN.EXE
2024-04-21 13:44:29,\VOLUME{01da93e5ddb71a7f-34ddca5d}\WINDOWS\SYSTEM32\SMARTSCREEN.EXE
2024-04-21 12:59:52,\VOLUME{01da93e5ddb71a7f-34ddca5d}\WINDOWS\SYSTEM32\SMARTSCREEN.EXE
2024-04-21 12:40:39,\VOLUME{01da93e5ddb71a7f-34ddca5d}\WINDOWS\SYSTEM32\SMSS.EXE
2024-04-21 14:48:02,\VOLUME{01da93e5ddb71a7f-34ddca5d}\WINDOWS\SYSTEM32\SPPEXTCOMOBJ.EXE
2024-04-21 14:34:07,\VOLUME{01da93e5ddb71a7f-34ddca5d}\WINDOWS\SYSTEM32\SPPEXTCOMOBJ.EXE
2024-04-21 12:49:25,\VOLUME{01da93e5ddb71a7f-34ddca5d}\WINDOWS\SYSTEM32\SPPEXTCOMOBJ.EXE
2024-04-21 12:37:05,\VOLUME{01da93e5ddb71a7f-34ddca5d}\WINDOWS\SYSTEM32\SPPEXTCOMOBJ.EXE
2024-04-21 15:35:59,\VOLUME{01da93e5ddb71a7f-34ddca5d}\WINDOWS\SYSTEM32\SPPSVC.EXE
2024-04-21 15:13:31,\VOLUME{01da93e5ddb71a7f-34ddca5d}\WINDOWS\SYSTEM32\SPPSVC.EXE
2024-04-21 15:07:18,\VOLUME{01da93e5ddb71a7f-34ddca5d}\WINDOWS\SYSTEM32\SPPSVC.EXE
2024-04-21 14:58:48,\VOLUME{01da93e5ddb71a7f-34ddca5d}\WINDOWS\SYSTEM32\SPPSVC.EXE
2024-04-21 14:52:10,\VOLUME{01da93e5ddb71a7f-34ddca5d}\WINDOWS\SYSTEM32\SPPSVC.EXE
2024-04-21 14:47:59,\VOLUME{01da93e5ddb71a7f-34ddca5d}\WINDOWS\SYSTEM32\SPPSVC.EXE
2024-04-21 14:38:59,\VOLUME{01da93e5ddb71a7f-34ddca5d}\WINDOWS\SYSTEM32\SPPSVC.EXE
2024-04-21 14:33:45,\VOLUME{01da93e5ddb71a7f-34ddca5d}\WINDOWS\SYSTEM32\SPPSVC.EXE
2024-04-21 14:33:44,\VOLUME{01da93e5ddb71a7f-34ddca5d}\WINDOWS\SYSTEMAPPS\MICROSOFT.WINDOWS.STARTMENUEXPERIENCEHOST_CW5N1H2TXYEWY\STARTMENUEXPERIENCEHOST.EXE
2024-04-21 12:42:30,\VOLUME{01da93e5ddb71a7f-34ddca5d}\WINDOWS\SYSTEMAPPS\MICROSOFT.WINDOWS.STARTMENUEXPERIENCEHOST_CW5N1H2TXYEWY\STARTMENUEXPERIENCEHOST.EXE
2024-04-21 14:35:06,\VOLUME{01da93e5ddb71a7f-34ddca5d}\WINDOWS\SYSTEM32\SVCHOST.EXE
2024-04-21 12:37:51,\VOLUME{01da93e5ddb71a7f-34ddca5d}\WINDOWS\SYSTEM32\SVCHOST.EXE
2024-04-21 14:59:02,\VOLUME{01da93e5ddb71a7f-34ddca5d}\WINDOWS\SYSTEM32\SVCHOST.EXE
2024-04-21 14:35:05,\VOLUME{01da93e5ddb71a7f-34ddca5d}\WINDOWS\SYSTEM32\SVCHOST.EXE
2024-04-21 14:35:04,\VOLUME{01da93e5ddb71a7f-34ddca5d}\WINDOWS\SYSTEM32\SVCHOST.EXE
2024-04-21 13:36:48,\VOLUME{01da93e5ddb71a7f-34ddca5d}\WINDOWS\SYSTEM32\SVCHOST.EXE
2024-04-21 12:41:50,\VOLUME{01da93e5ddb71a7f-34ddca5d}\WINDOWS\SYSTEM32\SVCHOST.EXE
2024-04-21 12:36:22,\VOLUME{01da93e5ddb71a7f-34ddca5d}\WINDOWS\SYSTEM32\SVCHOST.EXE
2024-04-21 12:41:47,\VOLUME{01da93e5ddb71a7f-34ddca5d}\WINDOWS\SYSTEM32\SVCHOST.EXE
2024-04-21 14:33:47,\VOLUME{01da93e5ddb71a7f-34ddca5d}\WINDOWS\SYSTEM32\SVCHOST.EXE
2024-04-21 12:59:29,\VOLUME{01da93e5ddb71a7f-34ddca5d}\WINDOWS\SYSTEM32\SVCHOST.EXE
2024-04-21 15:30:30,\VOLUME{01da93e5ddb71a7f-34ddca5d}\WINDOWS\SYSTEM32\SVCHOST.EXE
2024-04-21 15:07:13,\VOLUME{01da93e5ddb71a7f-34ddca5d}\WINDOWS\SYSTEM32\SVCHOST.EXE
2024-04-21 14:25:16,\VOLUME{01da93e5ddb71a7f-34ddca5d}\WINDOWS\SYSTEM32\SVCHOST.EXE
2024-04-21 14:18:03,\VOLUME{01da93e5ddb71a7f-34ddca5d}\WINDOWS\SYSTEM32\SVCHOST.EXE
2024-04-21 13:39:50,\VOLUME{01da93e5ddb71a7f-34ddca5d}\WINDOWS\SYSTEM32\SVCHOST.EXE
2024-04-21 13:19:17,\VOLUME{01da93e5ddb71a7f-34ddca5d}\WINDOWS\SYSTEM32\SVCHOST.EXE
2024-04-21 13:10:10,\VOLUME{01da93e5ddb71a7f-34ddca5d}\WINDOWS\SYSTEM32\SVCHOST.EXE
2024-04-21 14:43:30,\VOLUME{01da93e5ddb71a7f-34ddca5d}\WINDOWS\SYSTEM32\SVCHOST.EXE
2024-04-21 12:50:18,\VOLUME{01da93e5ddb71a7f-34ddca5d}\WINDOWS\SYSTEM32\SVCHOST.EXE
2024-04-21 12:54:11,\VOLUME{01da93e5ddb71a7f-34ddca5d}\WINDOWS\SYSTEM32\SVCHOST.EXE
2024-04-21 13:36:44,\VOLUME{01da93e5ddb71a7f-34ddca5d}\WINDOWS\SYSTEM32\SVCHOST.EXE
2024-04-21 13:19:25,\VOLUME{01da93e5ddb71a7f-34ddca5d}\WINDOWS\SYSTEM32\SVCHOST.EXE
2024-04-21 12:35:53,\VOLUME{01da93e5ddb71a7f-34ddca5d}\WINDOWS\SYSTEM32\SVCHOST.EXE
2024-04-21 15:32:49,\VOLUME{01da93e5ddb71a7f-34ddca5d}\WINDOWS\SYSTEM32\SVCHOST.EXE
2024-04-21 15:25:02,\VOLUME{01da93e5ddb71a7f-34ddca5d}\WINDOWS\SYSTEM32\SVCHOST.EXE
2024-04-21 15:24:31,\VOLUME{01da93e5ddb71a7f-34ddca5d}\WINDOWS\SYSTEM32\SVCHOST.EXE
2024-04-21 15:23:14,\VOLUME{01da93e5ddb71a7f-34ddca5d}\WINDOWS\SYSTEM32\SVCHOST.EXE
2024-04-21 15:23:00,\VOLUME{01da93e5ddb71a7f-34ddca5d}\WINDOWS\SYSTEM32\SVCHOST.EXE
2024-04-21 15:22:46,\VOLUME{01da93e5ddb71a7f-34ddca5d}\WINDOWS\SYSTEM32\SVCHOST.EXE
2024-04-21 15:21:58,\VOLUME{01da93e5ddb71a7f-34ddca5d}\WINDOWS\SYSTEM32\SVCHOST.EXE
2024-04-21 15:21:08,\VOLUME{01da93e5ddb71a7f-34ddca5d}\WINDOWS\SYSTEM32\SVCHOST.EXE
2024-04-21 14:48:05,\VOLUME{01da93e5ddb71a7f-34ddca5d}\WINDOWS\SYSTEM32\SVCHOST.EXE
2024-04-21 15:23:28,\VOLUME{01da93e5ddb71a7f-34ddca5d}\WINDOWS\SYSTEM32\SVCHOST.EXE
2024-04-21 14:43:33,\VOLUME{01da93e5ddb71a7f-34ddca5d}\WINDOWS\SYSTEM32\SVCHOST.EXE
2024-04-21 13:00:20,\VOLUME{01da93e5ddb71a7f-34ddca5d}\WINDOWS\SYSTEM32\SVCHOST.EXE
2024-04-21 12:46:53,\VOLUME{01da93e5ddb71a7f-34ddca5d}\WINDOWS\SYSTEM32\SVCHOST.EXE
2024-04-21 12:38:36,\VOLUME{01da93e5ddb71a7f-34ddca5d}\WINDOWS\SYSTEM32\SVCHOST.EXE
2024-04-21 12:36:00,\VOLUME{01da93e5ddb71a7f-34ddca5d}\WINDOWS\SYSTEM32\SVCHOST.EXE
2024-04-21 12:35:42,\VOLUME{01da93e5ddb71a7f-34ddca5d}\WINDOWS\SYSTEM32\SVCHOST.EXE
2024-04-21 14:48:05,\VOLUME{01da93e5ddb71a7f-34ddca5d}\WINDOWS\SYSTEM32\SVCHOST.EXE
2024-04-21 13:00:05,\VOLUME{01da93e5ddb71a7f-34ddca5d}\WINDOWS\SYSTEM32\SVCHOST.EXE
2024-04-21 14:44:03,\VOLUME{01da93e5ddb71a7f-34ddca5d}\WINDOWS\SYSTEM32\SVCHOST.EXE
2024-04-21 12:50:54,\VOLUME{01da93e5ddb71a7f-34ddca5d}\WINDOWS\SYSTEM32\SVCHOST.EXE
2024-04-21 12:47:23,\VOLUME{01da93e5ddb71a7f-34ddca5d}\WINDOWS\SYSTEM32\SVCHOST.EXE
2024-04-21 12:40:43,\VOLUME{01da93e5ddb71a7f-34ddca5d}\WINDOWS\SYSTEM32\SVCHOST.EXE
2024-04-21 14:34:08,\VOLUME{01da93e5ddb71a7f-34ddca5d}\WINDOWS\SYSTEM32\SVCHOST.EXE
2024-04-21 12:37:51,\VOLUME{01da93e5ddb71a7f-34ddca5d}\WINDOWS\SYSTEM32\SVCHOST.EXE
2024-04-21 15:15:52,\VOLUME{01da93e5ddb71a7f-34ddca5d}\WINDOWS\SYSTEM32\TASKHOSTW.EXE
2024-04-21 14:57:36,\VOLUME{01da93e5ddb71a7f-34ddca5d}\WINDOWS\SYSTEM32\TASKHOSTW.EXE
2024-04-21 14:47:58,\VOLUME{01da93e5ddb71a7f-34ddca5d}\WINDOWS\SYSTEM32\TASKHOSTW.EXE
2024-04-21 14:43:29,\VOLUME{01da93e5ddb71a7f-34ddca5d}\WINDOWS\SYSTEM32\TASKHOSTW.EXE
2024-04-21 14:38:17,\VOLUME{01da93e5ddb71a7f-34ddca5d}\WINDOWS\SYSTEM32\TASKHOSTW.EXE
2024-04-21 14:34:18,\VOLUME{01da93e5ddb71a7f-34ddca5d}\WINDOWS\SYSTEM32\TASKHOSTW.EXE
2024-04-21 14:32:01,\VOLUME{01da93e5ddb71a7f-34ddca5d}\WINDOWS\SYSTEM32\TASKHOSTW.EXE
2024-04-21 14:22:31,\VOLUME{01da93e5ddb71a7f-34ddca5d}\WINDOWS\SYSTEM32\TASKHOSTW.EXE
2024-04-21 15:20:10,\VOLUME{01da93e5ddb71a7f-34ddca5d}\WINDOWS\SYSTEM32\TASKMGR.EXE
2024-04-21 14:50:48,\VOLUME{01da93e5ddb71a7f-34ddca5d}\WINDOWS\SYSTEMAPPS\MICROSOFTWINDOWS.CLIENT.CBS_CW5N1H2TXYEWY\TEXTINPUTHOST.EXE
2024-04-21 14:18:02,\VOLUME{01da93e5ddb71a7f-34ddca5d}\WINDOWS\SYSTEMAPPS\MICROSOFTWINDOWS.CLIENT.CBS_CW5N1H2TXYEWY\TEXTINPUTHOST.EXE
2024-04-21 12:39:01,\VOLUME{01da93e5ddb71a7f-34ddca5d}\WINDOWS\SYSTEMAPPS\MICROSOFTWINDOWS.CLIENT.CBS_CW5N1H2TXYEWY\TEXTINPUTHOST.EXE
2024-04-21 15:14:16,\VOLUME{01da93e5ddb71a7f-34ddca5d}\WINDOWS\WINSXS\AMD64_MICROSOFT-WINDOWS-SERVICINGSTACK_31BF3856AD364E35_10.0.19041.3745_NONE_7DED3F327CA60A41\TIWORKER.EXE
2024-04-21 15:01:26,\VOLUME{01da93e5ddb71a7f-34ddca5d}\WINDOWS\WINSXS\AMD64_MICROSOFT-WINDOWS-SERVICINGSTACK_31BF3856AD364E35_10.0.19041.3745_NONE_7DED3F327CA60A41\TIWORKER.EXE
2024-04-21 14:58:13,\VOLUME{01da93e5ddb71a7f-34ddca5d}\WINDOWS\WINSXS\AMD64_MICROSOFT-WINDOWS-SERVICINGSTACK_31BF3856AD364E35_10.0.19041.3745_NONE_7DED3F327CA60A41\TIWORKER.EXE
2024-04-21 14:48:18,\VOLUME{01da93e5ddb71a7f-34ddca5d}\WINDOWS\WINSXS\AMD64_MICROSOFT-WINDOWS-SERVICINGSTACK_31BF3856AD364E35_10.0.19041.3745_NONE_7DED3F327CA60A41\TIWORKER.EXE
2024-04-21 14:43:29,\VOLUME{01da93e5ddb71a7f-34ddca5d}\WINDOWS\WINSXS\AMD64_MICROSOFT-WINDOWS-SERVICINGSTACK_31BF3856AD364E35_10.0.19041.3745_NONE_7DED3F327CA60A41\TIWORKER.EXE
2024-04-21 14:33:45,\VOLUME{01da93e5ddb71a7f-34ddca5d}\WINDOWS\WINSXS\AMD64_MICROSOFT-WINDOWS-SERVICINGSTACK_31BF3856AD364E35_10.0.19041.3745_NONE_7DED3F327CA60A41\TIWORKER.EXE
2024-04-21 14:22:31,\VOLUME{01da93e5ddb71a7f-34ddca5d}\WINDOWS\WINSXS\AMD64_MICROSOFT-WINDOWS-SERVICINGSTACK_31BF3856AD364E35_10.0.19041.3745_NONE_7DED3F327CA60A41\TIWORKER.EXE
2024-04-21 13:10:37,\VOLUME{01da93e5ddb71a7f-34ddca5d}\WINDOWS\WINSXS\AMD64_MICROSOFT-WINDOWS-SERVICINGSTACK_31BF3856AD364E35_10.0.19041.3745_NONE_7DED3F327CA60A41\TIWORKER.EXE
2024-04-21 15:14:15,\VOLUME{01da93e5ddb71a7f-34ddca5d}\WINDOWS\SERVICING\TRUSTEDINSTALLER.EXE
2024-04-21 15:01:26,\VOLUME{01da93e5ddb71a7f-34ddca5d}\WINDOWS\SERVICING\TRUSTEDINSTALLER.EXE
2024-04-21 14:58:13,\VOLUME{01da93e5ddb71a7f-34ddca5d}\WINDOWS\SERVICING\TRUSTEDINSTALLER.EXE
2024-04-21 14:48:18,\VOLUME{01da93e5ddb71a7f-34ddca5d}\WINDOWS\SERVICING\TRUSTEDINSTALLER.EXE
2024-04-21 14:43:29,\VOLUME{01da93e5ddb71a7f-34ddca5d}\WINDOWS\SERVICING\TRUSTEDINSTALLER.EXE
2024-04-21 14:33:44,\VOLUME{01da93e5ddb71a7f-34ddca5d}\WINDOWS\SERVICING\TRUSTEDINSTALLER.EXE
2024-04-21 14:22:31,\VOLUME{01da93e5ddb71a7f-34ddca5d}\WINDOWS\SERVICING\TRUSTEDINSTALLER.EXE
2024-04-21 13:10:36,\VOLUME{01da93e5ddb71a7f-34ddca5d}\WINDOWS\SERVICING\TRUSTEDINSTALLER.EXE
2024-04-21 12:41:15,\VOLUME{01da93e5ddb71a7f-34ddca5d}\WINDOWS\SYSTEM32\UNREGMP2.EXE
2024-04-21 12:41:05,\VOLUME{01da93e5ddb71a7f-34ddca5d}\WINDOWS\SYSTEM32\UNREGMP2.EXE
2024-04-21 12:39:45,\VOLUME{01da93e5ddb71a7f-34ddca5d}\WINDOWS\SYSTEM32\OOBE\USEROOBEBROKER.EXE
2024-04-21 14:29:52,\VOLUME{01da93e5ddb71a7f-34ddca5d}\WINDOWS\TEMP\{38F5A815-5326-4123-98B9-75414C49AFD3}\.CR\VCREDIST_X64.EXE
2024-04-21 14:29:51,\VOLUME{01da93e5ddb71a7f-34ddca5d}\USERS\삼식이\APPDATA\LOCAL\TEMP\{AF174E64-22CF-4386-A9EC-73F285739998}~SETUP\VCREDIST_X64.EXE
2024-04-21 14:29:37,\VOLUME{01da93e5ddb71a7f-34ddca5d}\WINDOWS\TEMP\{10049C50-9881-49A2-9A83-D581EBFBC80D}\.CR\VCREDIST_X86.EXE
2024-04-21 14:29:36,\VOLUME{01da93e5ddb71a7f-34ddca5d}\USERS\삼식이\APPDATA\LOCAL\TEMP\{AF174E64-22CF-4386-A9EC-73F285739998}~SETUP\VCREDIST_X86.EXE
2024-04-21 14:29:53,\VOLUME{01da93e5ddb71a7f-34ddca5d}\WINDOWS\TEMP\{1A370B62-017C-4A67-A002-E22DE12828C6}\.BE\VC_REDIST.X64.EXE
2024-04-21 14:29:43,\VOLUME{01da93e5ddb71a7f-34ddca5d}\WINDOWS\TEMP\{17DFD2F5-9D48-4C06-A26A-558B62FF68FF}\.BE\VC_REDIST.X86.EXE
2024-04-21 12:54:42,\VOLUME{01da93e5ddb71a7f-34ddca5d}\WINDOWS\SYSTEM32\VERCLSID.EXE
2024-04-21 14:30:28,\VOLUME{01da93e5ddb71a7f-34ddca5d}\PROGRAM FILES\VMWARE\VMWARE TOOLS\VMWARE VGAUTH\VGAUTHSERVICE.EXE
2024-04-21 14:31:12,\VOLUME{01da93e5ddb71a7f-34ddca5d}\WINDOWS\SYSTEM32\DRIVERSTORE\TEMP\{667F634B-C938-5E49-A1EB-4D8A87FDF75B}\VM3DSERVICE.EXE
2024-04-21 14:31:12,\VOLUME{01da93e5ddb71a7f-34ddca5d}\WINDOWS\SYSTEM32\DRIVERSTORE\TEMP\{667F634B-C938-5E49-A1EB-4D8A87FDF75B}\VM3DSERVICE.EXE
2024-04-21 14:34:33,\VOLUME{01da93e5ddb71a7f-34ddca5d}\PROGRAM FILES\VMWARE\VMWARE TOOLS\VMTOOLSD.EXE
2024-04-21 14:31:19,\VOLUME{01da93e5ddb71a7f-34ddca5d}\PROGRAM FILES\VMWARE\VMWARE TOOLS\VMTOOLSD.EXE
2024-04-21 14:31:18,\VOLUME{01da93e5ddb71a7f-34ddca5d}\PROGRAM FILES\VMWARE\VMWARE TOOLS\VMTOOLSD.EXE
2024-04-21 14:32:03,\VOLUME{01da93e5ddb71a7f-34ddca5d}\PROGRAM FILES\VMWARE\VMWARE TOOLS\VMWARERESOLUTIONSET.EXE
2024-04-21 14:31:59,\VOLUME{01da93e5ddb71a7f-34ddca5d}\PROGRAM FILES\VMWARE\VMWARE TOOLS\VMWARERESOLUTIONSET.EXE
2024-04-21 12:54:11,\VOLUME{01da93e5ddb71a7f-34ddca5d}\WINDOWS\SYSTEM32\VSSVC.EXE
2024-04-21 13:36:43,\VOLUME{01da93e5ddb71a7f-34ddca5d}\WINDOWS\SYSWOW64\WERMGR.EXE
2024-04-21 12:40:39,\VOLUME{01da93e5ddb71a7f-34ddca5d}\WINDOWS\SYSTEM32\WINLOGON.EXE
2024-04-21 14:52:48,\VOLUME{01da93e5ddb71a7f-34ddca5d}\PROGRAM FILES\WINDOWSAPPS\MICROSOFT.WINDOWSSTORE_11910.1002.5.0_X64__8WEKYB3D8BBWE\WINSTORE.APP.EXE
2024-04-21 12:41:14,\VOLUME{01da93e5ddb71a7f-34ddca5d}\WINDOWS\SYSTEM32\WLRMDR.EXE
2024-04-21 12:35:19,\VOLUME{01da93e5ddb71a7f-34ddca5d}\WINDOWS\SYSTEM32\WLRMDR.EXE
2024-04-21 14:37:04,\VOLUME{01da93e5ddb71a7f-34ddca5d}\WINDOWS\SYSTEM32\WBEM\WMIADAP.EXE
2024-04-21 12:38:22,\VOLUME{01da93e5ddb71a7f-34ddca5d}\WINDOWS\SYSTEM32\WBEM\WMIADAP.EXE
2024-04-21 14:34:08,\VOLUME{01da93e5ddb71a7f-34ddca5d}\WINDOWS\SYSTEM32\WBEM\WMIAPSRV.EXE
2024-04-21 14:31:49,\VOLUME{01da93e5ddb71a7f-34ddca5d}\WINDOWS\SYSTEM32\WBEM\WMIAPSRV.EXE
2024-04-21 14:31:41,\VOLUME{01da93e5ddb71a7f-34ddca5d}\WINDOWS\SYSTEM32\WBEM\WMIPRVSE.EXE
2024-04-21 14:31:23,\VOLUME{01da93e5ddb71a7f-34ddca5d}\WINDOWS\SYSTEM32\WBEM\WMIPRVSE.EXE
2024-04-21 13:36:49,\VOLUME{01da93e5ddb71a7f-34ddca5d}\WINDOWS\SYSTEM32\WBEM\WMIPRVSE.EXE
2024-04-21 13:00:06,\VOLUME{01da93e5ddb71a7f-34ddca5d}\WINDOWS\SYSTEM32\WBEM\WMIPRVSE.EXE
2024-04-21 12:55:14,\VOLUME{01da93e5ddb71a7f-34ddca5d}\WINDOWS\SYSTEM32\WBEM\WMIPRVSE.EXE
2024-04-21 12:49:38,\VOLUME{01da93e5ddb71a7f-34ddca5d}\WINDOWS\SYSTEM32\WBEM\WMIPRVSE.EXE
2024-04-21 12:38:04,\VOLUME{01da93e5ddb71a7f-34ddca5d}\WINDOWS\SYSTEM32\WBEM\WMIPRVSE.EXE
2024-04-21 12:36:43,\VOLUME{01da93e5ddb71a7f-34ddca5d}\WINDOWS\SYSTEM32\WBEM\WMIPRVSE.EXE
2024-04-21 14:31:12,\VOLUME{01da93e5ddb71a7f-34ddca5d}\WINDOWS\SYSWOW64\WOWREG32.EXE
2024-04-21 15:07:21,\VOLUME{01da93e5ddb71a7f-34ddca5d}\WINDOWS\SYSTEM32\WUAUCLT.EXE
2024-04-21 12:42:46,\VOLUME{01da93e5ddb71a7f-34ddca5d}\WINDOWS\SYSTEM32\WUAUCLT.EXE
2024-04-21 12:35:01,\VOLUME{01da93e5ddb71a7f-34ddca5d}\WINDOWS\SYSTEM32\WWAHOST.EXE
2024-04-21 12:59:51,\VOLUME{01da93e5ddb71a7f-34ddca5d}\WINDOWS\SYSTEM32\WWAHOST.EXE
